{"subScripts":[{"title":"基础操作","acts":[],"maps":[],"characters":[],"spells":[],"passiveSpells":[],"items":[],"notes":[{"content":"按住鼠标中键移动\n\nCtrl+滚轮缩放\n\n右键呼出菜单\n\nCtrl+Z 撤销\nCtrl+Shif+Z 或\u000BCtrl+Y 取消撤销","storyBoardPosition":{"x":-72.22219848632813,"y":83.33329772949219,"z":0.0}},{"content":"按住鼠标左键拖动框选\n\n左键按住选择移动","storyBoardPosition":{"x":-95.55549621582031,"y":-163.33340454101563,"z":0.0}}]},{"title":"教学剧情","acts":[{"id":"1f9fb3b1-0d1f-44f9-8cb9-06a91bcfc6c4","title":"送信完成小红对话","storyBoardPosition":{"x":1180.733154296875,"y":-906.8624267578125,"z":0.0},"isActive":true,"trigger":{"type":2,"payload":"小红"},"requiredConditions":["信已送达"],"nextActId":"1f9fb3b1-0d1f-44f9-8cb9-06a91bcfc6c4","actElementJsons":["{\"dialogues\":[{\"speakerName\":\"小红\",\"text\":\"多谢送信\",\"optionalSpeakerImageSrc\":\"\"}]}"],"types":["Dialogues"]},{"id":"6f15827d-bc03-4ac9-8d60-60353b4d0343","title":"路遇山贼","storyBoardPosition":{"x":2937.624267578125,"y":-1037.795166015625,"z":0.0},"isActive":true,"trigger":{"type":1,"payload":"山贼出没地"},"requiredConditions":[],"nextActId":"","actElementJsons":["{\"dialogues\":[{\"speakerName\":\"小蓝\",\"text\":\"交出财宝，保你不死！\",\"optionalSpeakerImageSrc\":\"\"}]}","{\"conditionToActive\":\"展示战斗教学\"}","{\"enemyName\":\"小蓝\",\"conditionToActiveWin\":\"\",\"conditionToActiveLoss\":\"\",\"fatal\":true,\"backgroundImageName\":\"\"}"],"types":["Dialogues","ActiveCondition","Combat"]},{"id":"8aeaaf72-f0a4-424b-8b10-b54c437eaa54","title":"战斗教学","storyBoardPosition":{"x":3494.022705078125,"y":-1039.614990234375,"z":0.0},"isActive":true,"trigger":{"type":3,"payload":""},"requiredConditions":["展示战斗教学"],"nextActId":"","actElementJsons":["{\"imageFileName\":\"战斗引导.png\",\"duration\":0.0}"],"types":["Slide"]},{"id":"d6f921f7-743c-4cb9-83b6-7d2483a466ff","title":"送信任务","storyBoardPosition":{"x":-184.88189697265626,"y":-1053.674072265625,"z":0.0},"isActive":true,"trigger":{"type":2,"payload":"小红"},"requiredConditions":[],"nextActId":"89f58dab-1183-4f19-b965-f40d767c6906","actElementJsons":["{\"dialogues\":[{\"speakerName\":\"小红\",\"text\":\"邮差，这里有信需要送到苏州城小黑处\",\"optionalSpeakerImageSrc\":\"\"},{\"speakerName\":\"小黄\",\"text\":\"没问题\",\"optionalSpeakerImageSrc\":\"\"}]}","{\"characterName\":\"小黄\",\"itemName\":\"信\"}"],"types":["Dialogues","GainItem"]},{"id":"89f58dab-1183-4f19-b965-f40d767c6906","title":"收到信件","storyBoardPosition":{"x":558.2474975585938,"y":-1113.4962158203125,"z":0.0},"isActive":false,"trigger":{"type":2,"payload":"小黑"},"requiredConditions":[],"nextActId":"","actElementJsons":["{\"dialogues\":[{\"speakerName\":\"小黑\",\"text\":\"多谢送信\",\"optionalSpeakerImageSrc\":\"\"}]}","{\"conditionToActive\":\"信已送达\"}","{\"characterName\":\"小黑\",\"itemName\":\"信\"}","{\"characterName\":\"小黄\",\"itemName\":\"信\"}"],"types":["Dialogues","ActiveCondition","GainItem","LossItem"]},{"id":"d89e0055-8c27-4910-bc3e-8dc9bc9c3a6d","title":"","storyBoardPosition":{"x":-1150.0,"y":-1167.77783203125,"z":0.0},"isActive":true,"trigger":{"type":0,"payload":""},"requiredConditions":[],"nextActId":"","actElementJsons":["{\"imageFileName\":\"大地图引导.png\",\"duration\":0.0}"],"types":["Slide"]},{"id":"83130b36-10e7-4ca5-a105-059a67e46ded","title":"小黄安全回家感言","storyBoardPosition":{"x":1173.603759765625,"y":-1221.1502685546875,"z":0.0},"isActive":true,"trigger":{"type":1,"payload":"尹山乡"},"requiredConditions":["信已送达"],"nextActId":"","actElementJsons":["{\"dialogues\":[{\"speakerName\":\"小黄\",\"text\":\"终于回来了\",\"optionalSpeakerImageSrc\":\"\"}]}"],"types":["Dialogues"]},{"id":"272df646-aa7f-4d13-8eeb-44d4d05b25f6","title":"小红默认对话","storyBoardPosition":{"x":-174.86456298828126,"y":-1360.230224609375,"z":0.0},"isActive":true,"trigger":{"type":2,"payload":"小红"},"requiredConditions":[],"nextActId":"272df646-aa7f-4d13-8eeb-44d4d05b25f6","actElementJsons":["{\"dialogues\":[{\"speakerName\":\"小红\",\"text\":\"邮差你好\",\"optionalSpeakerImageSrc\":\"\"}]}"],"types":["Dialogues"]},{"id":"5fb972ac-fd21-4081-8348-07f2a85f4385","title":"和任意喽啰对话","storyBoardPosition":{"x":3051.04541015625,"y":-1507.6217041015625,"z":0.0},"isActive":true,"trigger":{"type":2,"payload":"喽啰"},"requiredConditions":[],"nextActId":"","actElementJsons":["{\"dialogues\":[]}"],"types":["Dialogues"]}],"maps":[],"characters":[{"title":"邮差","name":"小黄","spriteName":"小黄.png","isDead":false,"spellAndPassiveSpells":["农夫三拳"],"followers":[],"items":["却煞"],"money":10,"hat":"","clothes":"","weapon1":"","weapon2":"","storyBoardPosition":{"x":-146.99566650390626,"y":-269.34356689453127,"z":0.0}},{"title":"村民","name":"小红","spriteName":"小红.png","isDead":false,"spellAndPassiveSpells":[],"followers":[],"items":[],"money":0,"hat":"","clothes":"","weapon1":"","weapon2":"","storyBoardPosition":{"x":356.1212158203125,"y":-273.8683776855469,"z":0.0}},{"title":"","name":"小黑","spriteName":"小黑.png","isDead":false,"spellAndPassiveSpells":[],"followers":[],"items":[],"money":0,"hat":"","clothes":"","weapon1":"","weapon2":"","storyBoardPosition":{"x":831.8580322265625,"y":-280.04180908203127,"z":0.0}},{"title":"山贼","name":"小蓝","spriteName":"小蓝.png","isDead":false,"spellAndPassiveSpells":["山贼拳法","召唤喽啰"],"followers":["喽啰*1","喽啰*2"],"items":[],"money":0,"hat":"","clothes":"皮甲","weapon1":"","weapon2":"","storyBoardPosition":{"x":2205.6357421875,"y":-1106.332763671875,"z":0.0}},{"title":"山贼","name":"喽啰*1","spriteName":"小蓝.png","isDead":false,"spellAndPassiveSpells":["山贼拳法"],"followers":[],"items":[],"money":0,"hat":"","clothes":"","weapon1":"","weapon2":"","storyBoardPosition":{"x":2209.072998046875,"y":-1551.680908203125,"z":0.0}},{"title":"山贼","name":"喽啰*2","spriteName":"小蓝.png","isDead":false,"spellAndPassiveSpells":["山贼拳法"],"followers":[],"items":[],"money":0,"hat":"","clothes":"","weapon1":"","weapon2":"","storyBoardPosition":{"x":2300.184326171875,"y":-1679.4588623046875,"z":0.0}}],"spells":[{"name":"农夫三拳","description":"农夫打出三拳\n每拳造成1点伤害并有20%几率造成额外2点伤害","spriteName":"农夫三拳.png","block":1,"weaponType":5,"spellUnits":[{"spellConditions":[],"spellEffects":[{"type":9,"param1":"1","param2":""}]},{"spellConditions":[{"type":0,"param1":"20","param2":""}],"spellEffects":[{"type":9,"param1":"2","param2":""}]},{"spellConditions":[],"spellEffects":[{"type":1,"param1":"0.2","param2":""},{"type":9,"param1":"1","param2":""}]},{"spellConditions":[{"type":0,"param1":"20","param2":""}],"spellEffects":[{"type":6,"param1":"2","param2":""}]},{"spellConditions":[],"spellEffects":[{"type":1,"param1":"0.2","param2":""},{"type":6,"param1":"1","param2":""}]},{"spellConditions":[{"type":0,"param1":"20","param2":""}],"spellEffects":[{"type":6,"param1":"2","param2":""}]}],"storyBoardPosition":{"x":-225.4298095703125,"y":-2207.3408203125,"z":0.0}},{"name":"砍柴剑法","description":"用于砍柴的剑法，装备剑类武器方可使用","spriteName":"砍柴剑法.png","block":1,"weaponType":0,"spellUnits":[{"spellConditions":[],"spellEffects":[{"type":9,"param1":"2","param2":""}]}],"storyBoardPosition":{"x":298.44488525390627,"y":-2197.65185546875,"z":0.0}},{"name":"山贼拳法","description":"","spriteName":"山贼拳法.png","block":1,"weaponType":5,"spellUnits":[{"spellConditions":[],"spellEffects":[{"type":9,"param1":"2","param2":""}]}],"storyBoardPosition":{"x":2902.0595703125,"y":-2209.99951171875,"z":0.0}},{"name":"召唤喽啰","description":"召唤一个山贼喽啰","spriteName":"小蓝.png","block":0,"weaponType":6,"spellUnits":[{"spellConditions":[],"spellEffects":[{"type":21,"param1":"喽啰*1","param2":""}]}],"storyBoardPosition":{"x":2354.755126953125,"y":-2208.8759765625,"z":0.0}}],"passiveSpells":[{"name":"气照天霞","description":"战斗时对6个目标造成4点伤害","spriteName":"气照天霞.png","spellTriggerType":2,"spellUnits":[{"spellConditions":[],"spellEffects":[{"type":20,"param1":"4","param2":"6"}]}],"storyBoardPosition":{"x":1321.2037353515625,"y":-2193.8076171875,"z":0.0},"turns":0},{"name":"皮甲","description":"获得一点护甲","spriteName":"皮甲.png","spellTriggerType":0,"spellUnits":[{"spellConditions":[],"spellEffects":[{"type":19,"param1":"1","param2":""}]}],"storyBoardPosition":{"x":3002.1416015625,"y":-449.9017028808594,"z":0.0},"turns":0}],"items":[{"name":"却煞","description":"神兵却煞","spriteName":"却煞.png","value":0,"itemType":2,"spellAndPassiveSpells":["气照天霞"],"storyBoardPosition":{"x":-101.19647216796875,"y":-2825.470947265625,"z":0.0}},{"name":"信","description":"小黑好久不见，近来苏州城南出现一伙山贼，要小心","spriteName":"信.png","value":0,"itemType":7,"spellAndPassiveSpells":[],"storyBoardPosition":{"x":711.2692260742188,"y":-2813.14453125,"z":0.0}},{"name":"皮甲","description":"","spriteName":"皮甲.png","value":0,"itemType":1,"spellAndPassiveSpells":["皮甲"],"storyBoardPosition":{"x":2535.965087890625,"y":-571.40380859375,"z":0.0}}],"notes":[{"content":"除了用箭头连接剧情，\n还可以用使用条件（例如：信已送达）\n条件在多个剧目依赖于某个事件发生时会有用","storyBoardPosition":{"x":793.4983520507813,"y":-838.181884765625,"z":0.0}},{"content":"接任务后小红对话剧目在送信任务剧目下面，优先级低，所以尽管这两个剧目触发条件一样，送信任务总是会优先触发","storyBoardPosition":{"x":-545.4645385742188,"y":-1195.8763427734375,"z":0.0}},{"content":"人物必须装备技能种类（除拳脚外）所对应的武器才能使用技能","storyBoardPosition":{"x":701.984619140625,"y":-2070.99658203125,"z":0.0}},{"content":"箭头连接的剧目中，只有在前置的剧目结束后才可被触发后面的剧目","storyBoardPosition":{"x":194.19903564453126,"y":-948.0291748046875,"z":0.0}},{"content":"环形剧目，剧目的下一剧目箭头指向自身，可以达到反复循环触发的效果","storyBoardPosition":{"x":195.7930908203125,"y":-1385.141845703125,"z":0.0}},{"content":"主动技能由种类（不同种类需装备对应兵器）技能单元组成，技能单元可设置触发条件和效果","storyBoardPosition":{"x":703.9033203125,"y":-2285.4375,"z":0.0}},{"content":"被动技能由种类（触发时机）和与主动技能一样的技能单元组成","storyBoardPosition":{"x":1675.8924560546875,"y":-2021.0037841796875,"z":0.0}},{"content":"《《《物品在装备后可提供的技能和被动\r\n","storyBoardPosition":{"x":186.30661010742188,"y":-2857.188720703125,"z":0.0}},{"content":"游戏中的文本类物品可以伏笔剧情，衬托世界观，鼓励玩家推理。。。","storyBoardPosition":{"x":1010.087890625,"y":-2739.555419921875,"z":0.0}},{"content":"剧目由触发时机，触发条件，剧情队列组成\r\n剧情队列可拖动排序来改变它们的播放顺序","storyBoardPosition":{"x":-321.99090576171877,"y":-808.0145874023438,"z":0.0}},{"content":"使用符号*来处理会有多个的龙套角色，例如喽啰*1，喽啰*2。\n在游戏中*号及*号后的id不显示。\n和喽啰*1或喽啰*2交互均可触发和喽啰交互的剧情（见右侧）","storyBoardPosition":{"x":2660.001220703125,"y":-1512.610595703125,"z":0.0}},{"content":"《《输入主角名字\n\n《《输入货币单位","storyBoardPosition":{"x":-674.4443359375,"y":73.33334350585938,"z":0.0}},{"content":"《《《分剧本可以拖动排序，位置越高触发的优先级越高","storyBoardPosition":{"x":-675.5555419921875,"y":-233.33334350585938,"z":0.0}},{"content":"使用在战斗开始时触发的被动来体现装备的固有属性（比如护甲值）","storyBoardPosition":{"x":2624.08642578125,"y":-269.15478515625,"z":0.0}}]},{"title":"地图","acts":[{"id":"a94a9c61-63c7-47f1-ac8a-41030335552a","title":"进入苏州传送","storyBoardPosition":{"x":794.63671875,"y":-390.01483154296877,"z":0.0},"isActive":true,"trigger":{"type":1,"payload":"苏州"},"requiredConditions":[],"nextActId":"a94a9c61-63c7-47f1-ac8a-41030335552a","actElementJsons":["{\"characterName\":\"小黄\",\"areaName\":\"苏州南门\"}"],"types":["MoveCharacterToArea"]},{"id":"c0db8c0a-c669-458e-aff6-eb8738e4667b","title":"离开苏州传送","storyBoardPosition":{"x":794.4442138671875,"y":-704.4443969726563,"z":0.0},"isActive":true,"trigger":{"type":1,"payload":"离开苏州"},"requiredConditions":[],"nextActId":"c0db8c0a-c669-458e-aff6-eb8738e4667b","actElementJsons":["{\"characterName\":\"小黄\",\"areaName\":\"苏州\"}"],"types":["MoveCharacterToArea"]}],"maps":[{"name":"大地图","storyBoardPosition":{"x":-85.77033996582031,"y":-177.42587280273438,"z":0.0},"backgroundSpriteName":"大地图.png","areas":[{"pos":{"x":176.15185546875,"y":-37.588890075683597,"z":0.0},"name":"尹山乡","range":93.0,"characterNames":["小黄","小红"]},{"pos":{"x":-232.16664123535157,"y":342.72222900390627,"z":0.0},"name":"苏州","range":60.0,"characterNames":[]},{"pos":{"x":-160.98402404785157,"y":69.94219970703125,"z":0.0},"name":"山贼出没地","range":101.0,"characterNames":["小蓝"]}],"obstacles":[{"pos":{"x":-243.22218322753907,"y":-120.13705444335938,"z":0.0},"range":99.0},{"pos":{"x":-378.83697509765627,"y":-202.6851806640625,"z":0.0},"range":122.0}],"obstacleBars":[{"pos":{"x":156.2519073486328,"y":285.97039794921877,"z":0.0},"length":740.0,"quaternion":{"x":0.0,"y":0.0,"z":0.08715573698282242,"w":0.9961947798728943}},{"pos":{"x":-59.69996643066406,"y":133.4036865234375,"z":0.0},"length":344.0,"quaternion":{"x":0.0,"y":0.0,"z":-0.2588190734386444,"w":0.9659258723258972}},{"pos":{"x":302.1852111816406,"y":89.91849517822266,"z":0.0},"length":466.0,"quaternion":{"x":0.0,"y":0.0,"z":0.08715573698282242,"w":0.9961947798728943}}],"sizeFactor":1.0},{"name":"苏州城","storyBoardPosition":{"x":-84.15585327148438,"y":-547.3370361328125,"z":0.0},"backgroundSpriteName":"苏州城.png","areas":[{"pos":{"x":187.02227783203126,"y":56.49632263183594,"z":0.0},"name":"小黑家","range":65.0,"characterNames":["小黑"]},{"pos":{"x":13.499998092651368,"y":-269.4999694824219,"z":0.0},"name":"苏州南门","range":60.0,"characterNames":[]},{"pos":{"x":14.153564453125,"y":-513.8204956054688,"z":0.0},"name":"离开苏州","range":41.0,"characterNames":[]}],"obstacles":[],"obstacleBars":[{"pos":{"x":198.49996948242188,"y":-269.4999694824219,"z":0.0},"length":240.0,"quaternion":{"x":0.0,"y":0.0,"z":0.0,"w":1.0}},{"pos":{"x":-178.5,"y":-275.4999694824219,"z":0.0},"length":260.0,"quaternion":{"x":0.0,"y":0.0,"z":0.0,"w":1.0}},{"pos":{"x":-8.477790832519532,"y":330.63330078125,"z":0.0},"length":760.0,"quaternion":{"x":0.0,"y":0.0,"z":0.0,"w":1.0}},{"pos":{"x":-335.477783203125,"y":27.8555908203125,"z":0.0},"length":626.0,"quaternion":{"x":0.0,"y":0.0,"z":0.7660443782806397,"w":0.642787754535675}},{"pos":{"x":319.7333068847656,"y":41.17781066894531,"z":0.0},"length":630.0,"quaternion":{"x":0.0,"y":0.0,"z":0.7071067690849304,"w":0.70710688829422}}],"sizeFactor":1.0}],"characters":[],"spells":[],"passiveSpells":[],"items":[],"notes":[{"content":"点击编辑进入\n\n障碍物可阻止玩家移动\n\n地区内可增加位于该地区的人物名字","storyBoardPosition":{"x":276.107421875,"y":-143.96673583984376,"z":0.0}},{"content":"可以使用剧目来实现地图间传送","storyBoardPosition":{"x":1233.222412109375,"y":-526.0408935546875,"z":0.0}}]}],"activeConditionsPool":[],"heroName":"小黄","currencyUnit":"文"}